{
  "apkFileName": "Instagram_src.apk",
  "PackageInfo": {
    "forcedPackageId": "127",
    "renameManifestPackage": null
  },
  "doNotCompress": [
    "resources.arsc",
    "png",
    "webp",
    "jpg"
  ],
  "compressionType": false,
  "sparseResources": false,
  "version": "2.4.0-250315",
  "sharedLibrary": false,
  "VersionInfo": {
    "versionName": "1.0.0-alpha",
    "versionCode": "1"
  },
  "UsesFramework": {
    "ids": [1],
    "tag": null
  },
  "unknownFiles": {
    "play-services-basement.properties": "0",
    "firebase-storage.properties": "0",
    "firebase-database.properties": "0",
    "play-services-base.properties": "0",
    "firebase-auth-interop.properties": "8",
    "firebase-common.properties": "0",
    "play-services-tasks.properties": "0",
    "okhttp3/internal/publicsuffix/publicsuffixes.gz": "8",
    "firebase-database-collection.properties": "8"
  },
  "apkFilePath": "/storage/emulated/0/AIRAVAT-main/ANDROID APP/Instagram.apk",
  "compactEntries": false,
  "isFrameworkApk": false,
  "sdkInfo": {
    "minSdkVersion": "14",
    "targetSdkVersion": "28"
  }
}